question,answer
What is NAL,"NAL Real Estate is a smart property platform that helps users buy, sell, and rent properties with ease. It connects buyers, sellers, and agents while providing verified listings, transparent pricing, and AI-powered recommendations."
What does NAL do,"NAL simplifies property management by offering advanced search filters, interactive location heatmaps, urgent sale alerts, virtual property tours, and secure digital transactions â€” all in one place."
What are the key features of NAL,"NAL features include verified property listings, AI-powered recommendations, property heatmaps, urgent sale alerts, agent reviews, virtual tours, chatbot support, and secure document management."
What technologies does NAL use,"NAL uses Python (Flask/Django) for backend, React + Leaflet/Mapbox for maps, MySQL/PostgreSQL for database, AI/ML models for predictions, and Python (NLTK/Rasa/Transformers) for chatbot. APIs are integrated with WhatsApp/Telegram."
How can NAL help me as a buyer,"NAL helps buyers discover properties by budget, location, and preferences, offers price insights, loan assistance, and direct connections to verified sellers and agents."
How can NAL help me as a seller,"NAL allows sellers to list properties, reach a larger audience, receive buyer leads, track inquiries, and close deals with trusted agent support."
How is NAL different from others,"Unlike traditional portals, NAL focuses on AI-driven insights, fraud detection, verified listings, transparent pricing, and personalized property recommendations."
Does NAL provide loan assistance,"Yes, NAL connects buyers with banks and financial institutions for home loan assistance, EMI calculation, and eligibility checks."
Can I search properties by location,"Yes, NAL provides city and locality-based search, with interactive maps and heatmaps for demand, pricing, and availability."
What is the urgent sale alert feature,"Urgent sale alerts notify buyers of properties listed below market price or requiring quick transactions, helping both buyers and sellers."
Does NAL support rentals,"Yes, NAL supports rental listings, allowing tenants to search for apartments, houses, and commercial spaces with verified landlords."
How are agents verified on NAL,"All agents on NAL undergo a background check, property verification process, and performance review based on ratings and transactions."
Does NAL have reviews and ratings,"Yes, users can rate and review agents, properties, and experiences, ensuring transparency and trust in transactions."
What is the property heatmap feature,"The heatmap feature shows property demand, price ranges, and trending locations visually on a map, making it easier to spot investment opportunities."
Can I take a virtual property tour on NAL,"Yes, NAL offers 3D walkthroughs, video tours, and AR/VR integration for selected properties."
Is my data secure on NAL,"Yes, NAL uses encryption, secure servers, and role-based authentication to protect user data and transactions."
Can NAL detect fraud,"Yes, NAL has AI-driven fraud detection to prevent fake listings, duplicate entries, and suspicious user activities."
Does NAL provide market trend insights,"Yes, NAL provides real-time analytics on property prices, demand shifts, and market forecasts for informed decisions."
What is the role of AI in NAL,"AI powers price predictions, personalized property recommendations, fraud detection, and chatbot interactions on NAL."
Can I use NAL on mobile,"Yes, NAL is mobile-friendly and also offers app integration for Android and iOS."
Does NAL integrate with WhatsApp or Telegram,"Yes, NAL's chatbot can connect with WhatsApp and Telegram for instant property updates and conversations."
Can NAL connect me with banks or legal services,"Yes, NAL partners with banks for loans and legal firms for property documentation and compliance assistance."
How do I contact customer support on NAL,"You can reach NAL support through chatbot assistance, email, or helpline for property and technical queries."
Is there a fee to use NAL,"Basic features are free, while premium listings and agent services may involve a subscription or commission-based model."
Where does NAL operate,"Currently, NAL operates in major Indian cities such as Bangalore, Mumbai, and Delhi, with plans to expand further."